{
  "hash": "f32dd41e",
  "configHash": "11c544e9",
  "lockfileHash": "7809e810",
  "browserHash": "04c0d06d",
  "optimized": {
    "@angular/common": {
      "src": "../../../../../node_modules/@angular/common/fesm2022/common.mjs",
      "file": "@angular_common.js",
      "fileHash": "add09b0d",
      "needsInterop": false
    },
    "@angular/common/http": {
      "src": "../../../../../node_modules/@angular/common/fesm2022/http.mjs",
      "file": "@angular_common_http.js",
      "fileHash": "d40a9d4f",
      "needsInterop": false
    },
    "@angular/core": {
      "src": "../../../../../node_modules/@angular/core/fesm2022/core.mjs",
      "file": "@angular_core.js",
      "fileHash": "7b544ec0",
      "needsInterop": false
    },
    "@angular/forms": {
      "src": "../../../../../node_modules/@angular/forms/fesm2022/forms.mjs",
      "file": "@angular_forms.js",
      "fileHash": "dda6111f",
      "needsInterop": false
    },
    "@angular/material/form-field": {
      "src": "../../../../../node_modules/@angular/material/fesm2022/form-field.mjs",
      "file": "@angular_material_form-field.js",
      "fileHash": "a48f8fba",
      "needsInterop": false
    },
    "@angular/material/icon": {
      "src": "../../../../../node_modules/@angular/material/fesm2022/icon.mjs",
      "file": "@angular_material_icon.js",
      "fileHash": "47674f33",
      "needsInterop": false
    },
    "@angular/material/toolbar": {
      "src": "../../../../../node_modules/@angular/material/fesm2022/toolbar.mjs",
      "file": "@angular_material_toolbar.js",
      "fileHash": "264ce705",
      "needsInterop": false
    },
    "@angular/platform-browser": {
      "src": "../../../../../node_modules/@angular/platform-browser/fesm2022/platform-browser.mjs",
      "file": "@angular_platform-browser.js",
      "fileHash": "3a3047d1",
      "needsInterop": false
    },
    "@angular/platform-browser/animations/async": {
      "src": "../../../../../node_modules/@angular/platform-browser/fesm2022/animations/async.mjs",
      "file": "@angular_platform-browser_animations_async.js",
      "fileHash": "d7ef895c",
      "needsInterop": false
    },
    "zone.js": {
      "src": "../../../../../node_modules/zone.js/fesm2015/zone.js",
      "file": "zone__js.js",
      "fileHash": "ad5ac92b",
      "needsInterop": true
    }
  },
  "chunks": {
    "browser-BUNINTSG": {
      "file": "browser-BUNINTSG.js"
    },
    "chunk-UVFFYVNB": {
      "file": "chunk-UVFFYVNB.js"
    },
    "chunk-BKKZBUKQ": {
      "file": "chunk-BKKZBUKQ.js"
    },
    "chunk-O5DZQMNG": {
      "file": "chunk-O5DZQMNG.js"
    },
    "chunk-RIIJGKP6": {
      "file": "chunk-RIIJGKP6.js"
    },
    "chunk-H3FHIWZH": {
      "file": "chunk-H3FHIWZH.js"
    },
    "chunk-XUFXEL2W": {
      "file": "chunk-XUFXEL2W.js"
    },
    "chunk-J4B6MK7R": {
      "file": "chunk-J4B6MK7R.js"
    }
  }
}